index,prob_avgs,entropy_percent,prob_distance,flag
4.0,0.7959902927279472,1.160964047443681,0.9986557271913625,0
5.0,0.8297175901631514,0.9697238998682473,0.9979975669994019,0
6.0,0.8540431037545204,0.9930260200097659,0.9999937221446089,0
7.0,0.8722418798133731,1.118104806670701,0.9993761984223966,0
8.0,0.8864363920357492,1.0901922227991472,0.9999909484156433,0
9.0,0.8977772317826748,0.9986965740403524,0.9997251951863291,0
10.0,0.9070269919254563,1.0037586578780038,0.9991137713659555,0
11.0,0.9147567767649889,0.9841015777080195,0.9996104118035873,0
12.0,0.9202599771893941,1.0685897658846428,0.9807022036984563,0
13.0,0.9255815164319107,0.9892905744033258,0.9926359024830163,0
14.0,0.9287375663717587,1.083932745879068,0.9681261600926518,0
15.0,0.9331813505850732,1.030569946309011,0.9997185202664696,0
16.0,0.9371110319214708,1.0419346569426953,0.9999837425482383,0
17.0,0.9406026183731027,0.985659377456178,0.9999484627687707,0
18.0,0.9436129280611089,1.037829515103954,0.9958722981391475,0
19.0,0.946029819175601,1.0224056464941282,0.9853706602007151,0
20.0,0.9485925616962569,1.0012214157269355,0.9997259341398603,0
21.0,0.9508524113758043,1.044826582408702,0.9972281988011673,0
22.0,0.9529854639068894,1.0104601652159197,0.9998939891247574,0
23.0,0.9549443979437152,0.9925876221077179,0.9999997429097363,0
24.0,0.9560425505042076,0.9871474268688738,0.9683850547298789,0
25.0,0.9576639931362408,1.012154819147287,0.9966993258567527,0
26.0,0.95923193157823,1.0121236899572352,0.9999976681185672,0
27.0,0.9606878360999482,1.0233983602256593,0.9999959702929573,0
28.0,0.9618805921797094,1.0322908928794166,0.9942493442213163,0
29.0,0.9631492324173451,1.0147898242199893,0.999909558257059,0
30.0,0.9642385501534708,0.9958468381806742,0.9950085541931912,0
31.0,0.9653559501748532,1.0187087724980588,0.9999933716362648,0
32.0,0.966404184021733,1.019730678108561,0.9999241151799652,0
33.0,0.9673584548427778,1.0061284043197765,0.9981117770657875,0
34.0,0.968291063606739,0.9995902541909873,0.9999996591169946,0
35.0,0.9691717978566885,1.0042036219822519,0.9999966183378319,0
36.0,0.969210441652182,1.008363565095763,0.965007777325809,0
37.0,0.9692877976125792,1.0187521457930857,0.9579541478306055,0
38.0,0.9700602634977071,1.0132915151139248,0.9990486149326898,0
39.0,0.9705959742888808,1.0108620331840548,0.9834303548559546,0
40.0,0.9712537416234249,1.0381239293388365,0.9959172516828403,0
41.0,0.9718768147840386,1.018220188109514,0.9961401688633487,0
42.0,0.9725234153312307,1.0056273693494382,0.9995958471699851,0
4.0,0.7649178892374039,1.160964047443681,0.9988995991443517,0
5.0,0.8036455636223158,0.9697238998682473,0.9964623563573696,0
6.0,0.8316945454904011,0.9930260200097659,0.9999802970341989,0
7.0,0.852503964677453,1.118104806670701,0.9973411404644139,0
8.0,0.8688776973221037,1.0901922227991472,0.9998025346940267,0
9.0,0.881940932571888,0.9986965740403524,0.9993034785438795,0
10.0,0.8925475166602568,1.0037586578780038,0.9973490904085338,0
11.0,0.9014806064466635,0.9841015777080195,0.9996047881722916,0
12.0,0.9081355069692318,1.0685897658846428,0.980509587097913,0
13.0,0.914454456950937,0.9892905744033258,0.9948627150151879,0
14.0,0.9177372227112452,1.083932745879068,0.9574999627657235,0
15.0,0.9228733563795686,1.030569946309011,0.9998503345050267,0
16.0,0.9274099092273151,1.0419346569426953,0.9999941651521453,0
17.0,0.9314410297407044,0.985659377456178,0.9999597084561174,0
18.0,0.9350373094019137,1.037829515103954,0.9995822090422735,0
19.0,0.9381688483059406,1.0224056464941282,0.9957421348663047,0
20.0,0.9410987588621321,1.0012214157269355,0.9994753099308582,0
21.0,0.9436783092943105,1.044826582408702,0.9973384492914192,0
22.0,0.9461232222940611,1.0104601652159197,0.9998870096133032,0
23.0,0.9483679787566265,0.9925876221077179,0.9999949900181946,0
24.0,0.9504295784235001,0.9871474268688738,0.9998496811313089,0
25.0,0.9522748709871218,1.012154819147287,0.9977306113578379,0
26.0,0.9540424242063805,1.0121236899572352,0.9999983832042858,0
27.0,0.9556826720280307,1.0233983602256593,0.9999588299042443,0
28.0,0.9571678047550136,1.0322908928794166,0.9983536467771046,0
29.0,0.9585704669356346,1.0147898242199893,0.9987822768453043,0
30.0,0.9597557845615572,0.9958468381806742,0.9944424732821062,0
31.0,0.9610098884440958,1.0187087724980588,0.9998395354523382,0
32.0,0.9621865555192485,1.019730678108561,0.9997407552364166,0
33.0,0.9632890456739593,1.0061284043197765,0.9994478279695613,0
34.0,0.9643379028354372,0.9995902541909873,0.9999981611688327,0
35.0,0.9653276888032755,1.0042036219822519,0.9999422284254251,0
36.0,0.9659948820197904,1.008363565095763,0.988273691968061,0
37.0,0.9664008119388631,1.0187521457930857,0.9720947360619903,0
38.0,0.967257837836559,1.0132915151139248,0.9997505656283465,0
39.0,0.9679802123457193,1.0108620331840548,0.9927246514707804,0
40.0,0.9686988101499837,1.0381239293388365,0.9962377642514184,0
41.0,0.9693787952973729,1.018220188109514,0.9954496647696942,0
42.0,0.9700832010008568,1.0056273693494382,0.9995559119197424,0
4.0,0.6712458908557892,1.160964047443681,0.9992738094297238,0
5.0,0.7255799919366837,0.9697238998682473,0.9964160081581213,0
6.0,0.7647815900189536,0.9930260200097659,0.999984482988566,0
7.0,0.793907206505537,1.118104806670701,0.9960599042242393,0
8.0,0.8164715932475196,1.0901922227991472,0.9950317414477468,0
9.0,0.8347938448190689,0.9986965740403524,0.9994563031214057,0
10.0,0.8497111661867662,1.0037586578780038,0.9978194711729884,0
11.0,0.8622011865178744,0.9841015777080195,0.9993749077257235,0
12.0,0.8722185102792887,1.0685897658846428,0.988586422521621,0
13.0,0.8809234180620739,0.9892905744033258,0.9907714158762246,0
14.0,0.8856896579265594,1.083932745879068,0.9444926641881466,0
15.0,0.8928303141146898,1.030569946309011,0.9999000940406404,0
16.0,0.8991341748658348,1.0419346569426953,0.9999951153587858,0
17.0,0.9047341429524951,0.985659377456178,0.9998919418721925,0
18.0,0.9097251060761904,1.037829515103954,0.9992523258260917,0
19.0,0.9141441151499748,1.0224056464941282,0.9963509193621576,0
20.0,0.9182210436889103,1.0012214157269355,0.9996721248462563,0
21.0,0.921853015368635,1.044826582408702,0.9976372408273164,0
22.0,0.9252469112043795,1.0104601652159197,0.9998764267693332,0
23.0,0.9283615835011005,0.9925876221077179,0.999998234060115,0
24.0,0.9312188923358917,0.9871474268688738,0.9996544915047707,0
25.0,0.9338331486170108,1.012154819147287,0.9988185333204456,0
26.0,0.9362837109300826,1.0121236899572352,0.9999978187807983,0
27.0,0.9385588158454213,1.0233983602256593,0.9999820468183316,0
28.0,0.9405108433345268,1.0322908928794166,0.9924157280474901,0
29.0,0.9424612035353979,1.0147898242199893,0.9983231691876426,0
30.0,0.9437684291793454,0.9958468381806742,0.9782146126963198,0
31.0,0.9455235647037625,1.0187087724980588,0.9999138417260838,0
32.0,0.9471697491226774,1.019730678108561,0.9997335324951564,0
33.0,0.9487117730519351,1.0061284043197765,0.9993248760292772,0
34.0,0.9501771169049399,0.9995902541909873,0.9999979763793476,0
35.0,0.9515603573785888,1.0042036219822519,0.9999490910904569,0
36.0,0.9526556802762521,1.008363565095763,0.9906640644185245,0
37.0,0.9536491248168444,1.0187521457930857,0.9858911875635386,0
38.0,0.9548346041104733,1.0132915151139248,0.9998329610425571,0
39.0,0.9559381805360317,1.0108620331840548,0.9981219031033106,0
40.0,0.9569595027260664,1.0381239293388365,0.9964781290618703,0
41.0,0.957956252353532,1.018220188109514,0.998091131739784,0
42.0,0.9589244841143142,1.0056273693494382,0.9994557887985138,0
4.0,0.7617419779300689,1.160964047443681,0.9992804254288785,0
5.0,0.8011427174011866,0.9697238998682473,0.997590025770478,0
6.0,0.8295490614005497,0.9930260200097659,0.9999769159830976,0
7.0,0.8506086207926273,1.118104806670701,0.9965014369226992,0
8.0,0.8671522968345218,1.0901922227991472,0.9991817639674991,0
9.0,0.8802830249071121,0.9986965740403524,0.9970494026783854,0
10.0,0.8910571147095073,1.0037586578780038,0.9976466714870185,0
11.0,0.900094153980414,0.9841015777080195,0.999166290537687,0
12.0,0.9073287409085494,1.0685897658846428,0.9910286976955831,0
13.0,0.9134873513664518,0.9892905744033258,0.9906474442686886,0
14.0,0.9144992729028066,1.083932745879068,0.9129353147000074,0
15.0,0.9198385905474424,1.030569946309011,0.9998748648540641,0
16.0,0.9245536800693063,1.0419346569426953,0.9999943786011727,0
17.0,0.9287422613965141,0.985659377456178,0.9999195120653894,0
18.0,0.9324726289824435,1.037829515103954,0.9992891095171217,0
19.0,0.9357730105519295,1.0224056464941282,0.997091919532977,0
20.0,0.9388163785139719,1.0012214157269355,0.9995202980353497,0
21.0,0.9414924938570369,1.044826582408702,0.9972577976004686,0
22.0,0.9440308925898179,1.0104601652159197,0.9998394732283487,0
23.0,0.9463628493249416,0.9925876221077179,0.9999964616871466,0
24.0,0.948502641916275,0.9871474268688738,0.9997537574308808,0
25.0,0.9504547932973275,1.012154819147287,0.9989336773578543,0
26.0,0.9522897303104401,1.0121236899572352,0.9999975515663095,0
27.0,0.9539921400802476,1.0233983602256593,0.9999417579783767,0
28.0,0.9554498247031508,1.0322908928794166,0.9941527240443975,0
29.0,0.9569042970736822,1.0147898242199893,0.9984771079034545,0
30.0,0.9579238189804938,0.9958468381806742,0.9864939390681684,0
31.0,0.9592365315183997,1.0187087724980588,0.9999095087296155,0
32.0,0.9604682371471868,1.019730678108561,0.9998125087149674,0
33.0,0.9616139837924171,1.0061284043197765,0.9989998030359857,0
34.0,0.9627107066767556,0.9995902541909873,0.9999988499696997,0
35.0,0.9637452256348398,1.0042036219822519,0.9999079913541209,0
36.0,0.9645146332882546,1.008363565095763,0.9906129136215895,0
37.0,0.965212104351897,1.0187521457930857,0.9860949055291712,0
38.0,0.9661017663967915,1.0132915151139248,0.9998700950200146,0
39.0,0.9669092021882534,1.0108620331840548,0.997010969906114,0
40.0,0.9676801787643898,1.0381239293388365,0.9978101190063171,0
41.0,0.9684083028918221,1.018220188109514,0.9971460734959692,0
42.0,0.9691372839517371,1.0056273693494382,0.999680815206375,0
4.0,0.7803252235054969,1.281285396591575,0.9999232441914501,0
5.0,0.8169353616734346,0.9981100953555259,0.9999752692347101,0
6.0,0.8430732328976903,1.1655795268570244,0.9998115803391556,0
7.0,0.8626778284087777,1.118104806670701,0.9998251863871701,0
8.0,0.8779167872336175,1.0013033339102584,0.9997462632818497,0
9.0,0.8901216395199298,0.9773019870481234,0.9999501035536014,0
10.0,0.9001085548238321,1.0144190079316278,0.9999654889097656,0
11.0,0.908430865034461,1.0834130180835893,0.9999597060177621,0
12.0,0.9128826312147654,1.068589765884643,0.9361977092921734,0
13.0,0.9181387940687793,1.057779277420578,0.9838659965898842,0
14.0,0.9222489322225252,1.0722933179997691,0.9606879837810993,0
15.0,0.9271080461330712,1.010405906665599,0.9999915672326551,0
16.0,0.9312884566538474,0.9836999630138077,0.9966266923584044,0
17.0,0.9351035460001893,0.9944426910249112,0.9999517324331464,0
18.0,0.9385054491852459,1.042266228863925,0.9996273698561708,0
19.0,0.9415629807859659,1.0529582423844366,0.9995307710923953,0
20.0,0.9443297616782642,1.000929475812316,0.9995565071949386,0
21.0,0.9468600265681744,1.028476614928292,0.9999944166179375,0
22.0,0.9491704290975695,1.0050303121079776,0.99999898358476,0
23.0,0.9510073466226459,1.025449719666607,0.9911006183829159,0
24.0,0.9519091609120369,1.0160392929832116,0.9554406628012657,0
25.0,0.9537498701650363,1.0329667928751514,0.9996187754441053,0
26.0,0.9554549899918062,1.0295194863657253,0.9997430684088613,0
27.0,0.9570279464657817,1.0355487670422252,0.9991827915364411,0
28.0,0.9583879835132895,1.0249969678140904,0.9956857051583938,0
29.0,0.9597732029855252,0.9951839111005696,0.9999174596450757,0
30.0,0.9600017880720477,1.0135323620150067,0.9400670118629932,0
31.0,0.960883533814922,0.9953747359235718,0.9855690605472773,0
32.0,0.962008368111018,0.9998848594734524,0.9963933317922056,0
33.0,0.9630802030510762,1.0149860139086608,0.9981024705048185,0
34.0,0.9641336238809994,1.0141461350522507,0.9999406366678159,0
35.0,0.9651277431597313,1.0122553127642853,0.9998932867729309,0
36.0,0.9660700464973578,1.00412107689131,0.9999914958378895,0
37.0,0.9669612804917913,1.0043974344320743,0.9999169502279983,0
38.0,0.967795794017804,1.0146134341415802,0.9992336462892126,0
39.0,0.968598467297852,1.0077365912345326,0.9998886623452563,0
40.0,0.9693450682410379,0.9995442000296163,0.9989993448543828,0
4.0,0.41136353760957717,0.9609640474436811,0.4354953020811081,0
5.0,0.5077663324773312,1.1715470382984245,0.9843371561728418,0
6.0,0.5745424936924662,0.9930260200097659,0.9686286188662052,0
7.0,0.5827596755698323,1.118104806670701,0.3516831398010254,0
8.0,0.623630527820852,1.0013033339102582,0.9305576402693987,0
9.0,0.6058565266430378,0.9773019870481237,0.31814074516296387,0
10.0,0.6088380007581278,1.0144190079316278,0.3846142292022705,0
11.0,0.6412068661302328,1.0834130180835893,0.996326130698435,0
12.0,0.6672452785647832,0.9897737212906982,0.971361517906189,0
13.0,0.6877833865582943,1.068068145833353,0.9226145707070827,0
14.0,0.7066398506363233,0.981539039823169,0.960735559463501,0
15.0,0.7209962387569249,1.0851114534316342,0.9170601293444633,0
16.0,0.7373959566740429,1.0332424123540607,0.9997322430281201,0
17.0,0.7518755863938067,1.042468645984917,0.9972070983494632,0
18.0,0.7622027871640105,1.0723602965090406,0.9185536783188581,0
19.0,0.7739852283149957,1.0604411026860172,0.9961248799227178,0
20.0,0.7845397708671433,1.0032478500214508,0.9942677061771974,0
21.0,0.7923148413273421,1.0370257343211031,0.9325850270688534,0
22.0,0.8012553145704062,1.0332485608412767,0.995988899609074,0
23.0,0.8094711679344376,1.0209551974416806,0.9979250759934075,0
24.0,0.8170919206738472,1.0029506599913625,0.9999867486797029,0
25.0,0.8013788854273466,1.0191225349107214,0.258254736661911,0
26.0,0.8087192379214145,0.9914601865166593,0.9994752883649198,0
27.0,0.8155494888446161,1.0027418397766428,0.9999496926029678,0
28.0,0.821900826332898,0.997655988103871,0.9996737665787805,0
29.0,0.8278323235611121,1.016606077610785,0.9997954977879999,0
30.0,0.8333537850168443,1.0105564142285814,0.998880903753161,0
31.0,0.837584791937843,1.023620457128859,0.9611147497780621,0
32.0,0.8392321090355064,1.017197122775972,0.8637192063033581,0
33.0,0.8439584867480923,0.9948811279613137,0.9998649316476076,0
34.0,0.8482520633510181,1.0089776652070357,0.9926914488896728,0
35.0,0.8521827262722783,1.018372666185594,0.9839164246805012,0
36.0,0.8561718256489651,1.011711151437121,0.9996406804566504,0
37.0,0.859809039650779,1.0054632751434986,0.9896348612383008,0
38.0,0.8633612992289739,1.0202170734203142,0.997505204170011,0
39.0,0.8666237147524953,1.0073335019171206,0.9899822475854307,0
40.0,0.8698674616653744,1.0005035348929896,0.9994807882467285,0
4.0,0.9332912921905517,1.281285396591575,0.9999064821895445,0
5.0,0.9444083968798319,0.9981100953555259,0.9999897303628131,0
6.0,0.9523207374981472,1.1655795268570244,0.9996459511166904,0
7.0,0.9582509100437164,1.118104806670701,0.9996011994226137,0
8.0,0.9628570940759447,1.0013033339102584,0.9995634504593909,0
9.0,0.9665640652179718,0.9773019870481234,0.9998737314854225,0
10.0,0.9695918614214117,1.0144190079316278,0.999785676234751,0
11.0,0.9721110264460245,1.0834130180835893,0.9997563109427574,0
12.0,0.9731412254847013,1.068589765884643,0.9823669716715813,0
13.0,0.9749633499554226,1.057779277420578,0.9981071930960752,0
14.0,0.9745485305786132,1.0722933179997691,0.9385590068995953,0
15.0,0.9761384204030037,1.010405906665599,0.9999796404517838,0
16.0,0.9775419936460608,0.9836999630138077,0.9999988870079619,0
17.0,0.9787598815229204,0.9944426910249112,0.9992243596207118,0
18.0,0.9798297348775362,1.042266228863925,0.9988341059652157,0
19.0,0.980817174911499,1.0529582423844366,0.9994721944894991,0
20.0,0.9817034375099909,1.000929475812316,0.999036717985291,0
21.0,0.9825292094187303,1.028476614928292,0.9998083731989027,0
22.0,0.9832883010739866,1.0050303121079776,0.9999841275498511,0
23.0,0.98379119237264,1.025449719666607,0.9936081535415724,0
24.0,0.9835010385513305,1.0160392929832116,0.9599955882877111,0
25.0,0.9841289359789628,1.0329667928751514,0.9997549599574995,0
26.0,0.984709033259639,1.0295194863657253,0.9997167263209121,0
27.0,0.9852434694766998,1.0355487670422252,0.9995419212064007,0
28.0,0.9856562758314198,1.0249969678140904,0.9964668492320925,0
29.0,0.9861277023951213,0.9951839111005696,0.9997080943430774,0
30.0,0.9862573089138154,1.0135323620150067,0.9886568809160963,0
31.0,0.9865647628903389,0.9953747359235718,0.9956667753285728,0
32.0,0.9869317737492648,0.9998848594734524,0.9976114344317466,0
33.0,0.9872433893820819,1.0149860139086608,0.9970473657012917,0
34.0,0.9876034600394112,1.0141461350522507,0.9997823462545057,0
35.0,0.9878931194543839,1.0122553127642853,0.9970774362445809,0
36.0,0.9882196526269655,1.00412107689131,0.999970971831317,0
37.0,0.9884841991098303,1.0043974344320743,0.9971829246496782,0
38.0,0.9887673625579247,1.0146134341415802,0.9993242013442796,0
39.0,0.9890204966068268,1.0077365912345326,0.9982105127419345,0
40.0,0.9892576365936093,0.9995442000296163,0.9984133894031402,0
4.0,0.8379032492637635,1.6898651068259252,0.9967527216067538,0
5.0,0.8648322423299154,1.307473265346651,0.999287653437932,0
6.0,0.8841137290000916,1.1872287525815437,0.999631345301168,0
7.0,0.898599348962307,1.0129476875816394,0.9999981803952096,0
8.0,0.9098430607053969,1.1223502060423869,0.9996593444957398,0
9.0,0.9188583612442016,1.0111835996268934,0.9999939919068765,0
10.0,0.9262317419052124,1.014419007931628,0.9999534247981501,0
11.0,0.9323776563008627,0.9744455951454255,0.999971325279148,0
12.0,0.9187686718427218,1.0848617461410646,0.5971076637506485,0
13.0,0.8999475496155875,1.101748716495447,0.5586332827806473,0
14.0,0.906550403436025,1.1051773882330684,0.9986076333734673,0
15.0,0.9117010198533535,1.0804984443860033,0.9871098618023098,0
16.0,0.916887995074777,1.0493426161474626,0.9998571267260559,0
17.0,0.9215052425861359,0.9924177241495554,0.9999979946397843,0
18.0,0.9250141225363079,1.028760933213525,0.9806291605345905,0
19.0,0.9287628024816513,1.0027816848149746,0.9999847734541163,0
20.0,0.9321548683302743,1.0257209798561633,0.9999932829932732,0
21.0,0.9344518861987374,1.0190545834368048,0.9758041906170547,0
22.0,0.9371515201485675,0.9973636380505241,0.9949485961114988,0
23.0,0.9397613977392515,0.9925485046089413,0.9995914157043444,0
24.0,0.9421520733833313,1.0216170336825603,0.9994105859368574,0
25.0,0.9443769065233377,1.0201903073502678,0.9999970563511056,0
26.0,0.9464044041103787,1.0067723782596143,0.9988348886545282,0
27.0,0.9483009023325784,1.0070562015744982,0.9994087773302454,0
28.0,0.9500826021720623,1.0175931942116052,0.9999560235510216,0
29.0,0.9517464677492777,1.003140907810764,0.9999980690664643,0
30.0,0.9533027025961107,1.0162837785451893,0.9999865354584472,0
31.0,0.9547614641487598,0.9981878839572922,0.9999785771551615,0
32.0,0.9560813361948187,0.9985095763901798,0.9980941514368169,0
33.0,0.9573656373164233,1.0033041833873075,0.9995789357053582,0
34.0,0.958583687032972,1.0033418164907901,0.9999969253025256,0
35.0,0.9597257326046625,1.0146540743964485,0.999520604746067,0
36.0,0.9608041644096375,0.9927758719205437,0.9993603548209649,0
37.0,0.9616322658563915,1.0031250283727333,0.9886369714513421,0
38.0,0.9624128723755861,1.013432465742518,0.988661783747375,0
39.0,0.9633482098579407,1.017550381276635,0.9997949295175204,0
40.0,0.9640921426982414,1.0166443470628808,0.9914241430815309,0
41.0,0.9649138337089902,1.0207838821002007,0.9981233083235566,0
42.0,0.9656069486640221,1.0093508981288857,0.9931133419740945,0
43.0,0.9663720022548329,1.0030790186166911,0.9988617858034559,0
4.0,0.9374906539916992,1.160964047443681,0.998876166791888,0
5.0,0.9476095040639242,0.9697238998682473,0.9978122633765452,0
6.0,0.9550888708659581,0.9930260200097659,0.9999479745056306,0
7.0,0.960588663816452,1.118104806670701,0.9986765722569544,0
8.0,0.9649564425150553,1.0901922227991472,0.9998346544307424,0
9.0,0.9684343039989471,0.9986965740403524,0.9995690352952806,0
10.0,0.9712192795493386,1.0037586578780038,0.9982131987344474,0
11.0,0.9735823621352514,0.9841015777080195,0.9992563055129722,0
12.0,0.9752937647012564,1.0685897658846428,0.9939673363696784,0
13.0,0.9765671704496656,0.9892905744033258,0.990880039986223,0
14.0,0.97566024462382,1.083932745879068,0.9585038782097399,0
15.0,0.9771655090153217,1.030569946309011,0.9995410585106583,0
16.0,0.9785081042962915,1.0419346569426953,0.9999879879856053,0
17.0,0.9796996083524492,0.985659377456178,0.9999373992341134,0
18.0,0.9806976663438898,1.037829515103954,0.9976467927917838,0
19.0,0.9813446253538132,1.0224056464941282,0.9879102474078536,0
20.0,0.9822032224564325,1.0012214157269355,0.9990451091434807,0
21.0,0.9828195734457537,1.044826582408702,0.9941442265408114,0
22.0,0.9835650454396787,1.0104601652159197,0.9999441515228682,0
23.0,0.9842497855424881,0.9925876221077179,0.9999985205388384,0
24.0,0.9848505091667176,0.9871474268688738,0.9986115530482493,0
25.0,0.9853953375266149,1.012154819147287,0.9984888089820743,0
26.0,0.9859361582332187,1.0121236899572352,0.9999966519836789,0
27.0,0.9864381445305688,1.0233983602256593,0.9999894424981903,0
28.0,0.9868281257563624,1.0322908928794166,0.9971555636730045,0
29.0,0.9872615297635396,1.0147898242199893,0.9997885917255189,0
30.0,0.9876055794377481,0.9958468381806742,0.997532617446268,0
31.0,0.9879922270774841,1.0187087724980588,0.9999640184978489,0
32.0,0.9883537942712958,1.019730678108561,0.9998924992505636,0
33.0,0.9886531899957096,1.0061284043197765,0.9976083654328249,0
34.0,0.9889773096357073,0.9995902541909873,0.9999948161137127,0
35.0,0.9892832073900435,1.0042036219822519,0.9999813609356352,0
36.0,0.9893662381816555,1.008363565095763,0.9899525248911232,0
37.0,0.9884428711313951,1.0187521457930857,0.9325262978672981,0
38.0,0.9887243280043969,1.0132915151139248,0.9990543348831125,0
39.0,0.9884851440787316,1.0108620331840548,0.9606538023799658,0
40.0,0.988705748465003,1.0381239293388365,0.9958437371533364,0
41.0,0.9886664748191833,1.018220188109514,0.9779657823964953,0
42.0,0.9889130717100099,1.0056273693494382,0.9989322941983119,0
4.0,0.9606441617012024,1.160964047443681,0.9992598265380366,0
5.0,0.9670028984546661,0.9697238998682473,0.9985626733978279,0
6.0,0.9717156631605965,0.9930260200097659,0.999986657070167,0
7.0,0.9751938059926033,1.118104806670701,0.9992494846810587,0
8.0,0.9779456522729661,1.0901922227991472,0.9999375949009845,0
9.0,0.9801397740840911,0.9986965740403524,0.999813187365362,0
10.0,0.981901694427837,1.0037586578780038,0.9990696998138446,0
11.0,0.9833942751089731,0.9841015777080195,0.9996892759227194,0
12.0,0.9841879835495582,1.0685897658846428,0.9911511961836368,0
13.0,0.9849975066525596,0.9892905744033258,0.9933773749507964,0
14.0,0.98394589026769,1.083932745879068,0.9652312006801367,0
15.0,0.9849372580647469,1.030569946309011,0.9996542185690487,0
16.0,0.9858229020062614,1.0419346569426953,0.9999922252969782,0
17.0,0.9866084257761637,0.985659377456178,0.99994588771915,0
18.0,0.987252392266926,1.037829515103954,0.9978589494712651,0
19.0,0.9877720028162003,1.0224056464941282,0.9958634303184226,0
20.0,0.9883297596658979,1.0012214157269355,0.9991522160707973,0
21.0,0.9885696904225783,1.044826582408702,0.99195471778512,0
22.0,0.9890659555144932,1.0104601652159197,0.9999745641307527,0
23.0,0.9895215208331744,0.9925876221077179,0.9999994481982881,0
24.0,0.989933614730835,0.9871474268688738,0.9996818494983017,0
25.0,0.9903004467487335,1.012154819147287,0.9993657450104365,0
26.0,0.9906596364798369,1.0121236899572352,0.9999980284032404,0
27.0,0.9909930718796593,1.0233983602256593,0.9999936197152692,0
28.0,0.9912321177022211,1.0322908928794166,0.99728012108244,0
29.0,0.9915204346179962,1.0147898242199893,0.9998369343957165,0
30.0,0.991616670162447,0.9958468381806742,0.993383901542984,0
31.0,0.9918774981051683,1.0187087724980588,0.9999319625931093,0
32.0,0.9921195814103791,1.019730678108561,0.9997981029300718,0
33.0,0.9923167789683622,1.0061284043197765,0.9981784375268035,0
34.0,0.9925362791333879,0.9995902541909873,0.9999988182992752,0
35.0,0.9927433927853903,1.0042036219822519,0.9999876227630011,0
36.0,0.9926430325250368,1.008363565095763,0.9858821970410645,0
37.0,0.9908457680752403,1.0187521457930857,0.8885061629116535,0
38.0,0.9910643116021768,1.0132915151139248,0.9992566706278012,0
39.0,0.9909940734505653,1.0108620331840548,0.9790099458768964,0
40.0,0.9911795999945664,1.0381239293388365,0.997552560758777,0
41.0,0.9911815367993855,1.018220188109514,0.9848877391777933,0
42.0,0.9913685086161591,1.0056273693494382,0.9988531781709753,0
4.0,0.9353978991508484,1.160964047443681,0.9985128701664507,0
5.0,0.9454025626182556,0.9697238998682473,0.99400896334555,0
6.0,0.9532005275998797,0.9930260200097659,0.9999796528627485,0
7.0,0.958870030939579,1.118104806670701,0.9974495879141614,0
8.0,0.9634360008769565,1.0901922227991472,0.999955296671942,0
9.0,0.9670517206192016,0.9986965740403524,0.9992972739855759,0
10.0,0.9698708761822094,1.0037586578780038,0.9962524517904967,0
11.0,0.9723504434029261,0.9841015777080195,0.9993878932582447,0
12.0,0.9739058934725248,1.0685897658846428,0.9902052104007453,0
13.0,0.9754078771386828,0.9892905744033258,0.992561949416995,0
14.0,0.9755574623743694,1.083932745879068,0.9746592103037983,0
15.0,0.977076530456543,1.030569946309011,0.9997634027531603,0
16.0,0.9784230344435748,1.0419346569426953,0.999960244097565,0
17.0,0.9796174433496263,0.985659377456178,0.999882953667111,0
18.0,0.9805879812491568,1.037829515103954,0.9964851330732927,0
19.0,0.9812343627214432,1.0224056464941282,0.9876079512760043,0
20.0,0.9821128135635739,1.0012214157269355,0.999554543668637,0
21.0,0.9827674491838976,1.044826582408702,0.9945759831462055,0
22.0,0.9835156383721725,1.0104601652159197,0.9999659823279217,0
23.0,0.9842024420698484,0.9925876221077179,0.9999986139601447,0
24.0,0.9848052883148193,0.9871474268688738,0.998758441361133,0
25.0,0.9853648795531347,1.012154819147287,0.9989174171350896,0
26.0,0.9859067709357651,1.0121236899572352,0.999994887493358,0
27.0,0.9864100196531841,1.0233983602256593,0.9999965623826483,0
28.0,0.9867169528171934,1.0322908928794166,0.9937911271117628,0
29.0,0.9871547420819601,1.0147898242199893,0.9998059413665032,0
30.0,0.9874868873626955,0.9958468381806742,0.9970507729158271,0
31.0,0.9878775309771299,1.0187087724980588,0.9999833256947568,0
32.0,0.9882433251901106,1.019730678108561,0.9999269579966494,0
33.0,0.9885299573926365,1.0061284043197765,0.9972104147309437,0
34.0,0.9888576592717851,0.9995902541909873,0.9999992553059371,0
35.0,0.9891670329703225,1.0042036219822519,0.9999927436258531,0
36.0,0.9892750189111039,1.008363565095763,0.9919438315555453,0
37.0,0.9834881362162138,1.0187521457930857,0.592253640294075,0
38.0,0.9838917866731302,1.0132915151139248,0.9988229990121908,0
39.0,0.9836049035191536,1.0108620331840548,0.947689127177,0
40.0,0.9839521137679496,1.0381239293388365,0.9967081189388409,0
41.0,0.9828050065608251,1.018220188109514,0.895923562347889,0
42.0,0.9831259292225505,1.0056273693494382,0.9944584157783538,0
4.0,0.22840552031993866,1.281285396591575,0.023012377321720123,1
5.0,0.21095775564511618,1.1715470382984245,0.014537356793880463,1
6.0,0.19670200135026658,0.9451313341087356,0.005090720951557159,1
7.0,0.18563965149223804,1.1304241827577328,0.003329068422317505,1
8.0,0.1773916350470649,0.948203805120848,0.005101718008518219,1
9.0,0.17089947387576104,1.105606386943292,0.008452259004116058,1
10.0,0.16591630266471344,1.0112662271048196,0.010388366878032684,1
11.0,0.1618241568406423,0.9889091286641387,0.016897186636924744,1
12.0,0.15702779992268637,0.9792293517929282,0.0030604228377342224,1
13.0,0.2127561191362994,1.078887970206879,0.8979312218725681,1
14.0,0.20082853610316911,0.9756364786410607,0.001041218638420105,1
15.0,0.1903529493138194,1.0191631787129243,0.0007695220410823822,1
16.0,0.18120313917889314,1.001833565148944,0.0033614151179790497,1
17.0,0.17304759803745481,0.9931433773802408,0.0005333758890628815,1
18.0,0.16659973993113167,0.9881456912633256,0.01790831983089447,1
19.0,0.16742871813476085,0.9850852152805764,0.13387726247310638,1
20.0,0.19022488984323682,0.9831574456124473,0.6192694213241339,1
21.0,0.2206313701515848,0.9819383642536808,0.8429317343980074,1
22.0,0.2502356673712316,0.9811834963459954,0.8904445050284266,1
23.0,0.2804803162192305,0.9807427306370703,0.9724179001059383,1
24.0,0.30803032964468,0.9805195016854908,0.9601637776941061,1
25.0,0.333481081116658,0.9804494266252741,0.9612940838560462,1
26.0,0.35330697424985746,0.9804883515333161,0.7892238795757294,1
27.0,0.3650797826371023,0.9806053024125326,0.4559677094221115,1
28.0,0.3809162159932071,0.9807781484667653,0.7346939295530319,1
29.0,0.39671656166513763,0.9809908391453326,0.7869090437889099,1
30.0,0.41445988488774144,0.9812315914728978,0.925009710714221,1
31.0,0.43164905230514705,0.9814916707953988,0.9497530171647668,1
32.0,0.44810241889772995,0.9817645528877416,0.9616519985720515,1
33.0,0.4626133430968313,0.9820453373073068,0.9060920737683773,1
34.0,0.4762105079633849,0.9823303298988163,0.9090444780886173,1
35.0,0.4834520756784413,0.982616741374783,0.5860210061073303,1
36.0,0.49489086443507996,0.9829024669092149,0.8522364571690559,1
37.0,0.5068928871892,0.9831859231335364,0.9211070463061333,1
38.0,0.5184944445888201,0.9834659263597081,0.9369673673063517,1
39.0,0.5299341624602676,0.9837416007769617,0.9625884490087628,1
40.0,0.5409613329826332,0.9840123086823711,0.9719584509730339,1
41.0,0.5513663495935145,0.9842775970718118,0.9640220087021589,1
42.0,0.5612134564408037,0.9845371564899972,0.9592801742255688,1
43.0,0.5705530093136159,0.9847907891431722,0.9537829533219337,1
44.0,0.5792544290423394,0.9850383840638098,0.9356634635478258,1
45.0,0.5870058152662672,0.9852798976817103,0.8927279636263847,1
46.0,0.5853698702251657,1.0704770006383995,0.06691956520080566,1
47.0,0.5939765316434205,1.141795733158622,0.9983198708941927,1
48.0,0.6022324736933319,1.0963339004479877,0.9978967643692158,1
49.0,0.6099744956195354,1.2813377391714975,0.9817206710577011,1
50.0,0.617616059002923,1.1571850747197028,0.9995597849192563,1
51.0,0.6249655306052703,1.0197291562237596,0.9997438957070699,1
4.0,0.2075800836086273,0.889865106825925,0.02195248007774353,1
5.0,0.205202616751194,0.9003977352478197,0.09761728346347809,1
6.0,0.2841209066765649,0.9102344148097827,0.7284827250987291,1
7.0,0.36801047436892986,0.9186909773033658,0.9465084774419665,1
8.0,0.43376586669021183,0.9258485191071443,0.9530314980074763,1
9.0,0.4880343183875084,0.9319181843224932,0.966260208748281,1
10.0,0.5294689359990034,0.9371025931352333,0.9139465875923634,1
11.0,0.5630644845465819,0.9415692544384481,0.9031014237552881,1
12.0,0.5851002690883783,0.9454510210064787,0.7431985661387444,1
13.0,0.5849701921854701,1.8774236555505728,0.3034187853336334,1
14.0,0.5531369095047315,0.9527764893698887,0.03587985783815384,1
15.0,0.5611534235067666,0.9553065418348402,0.6600049249827862,1
16.0,0.5829677726416027,0.9575837301436323,0.9268719772808254,1
17.0,0.6040983171098762,0.9596427243973574,0.95423533488065,1
18.0,0.6237417055588019,0.961512527349114,0.9681084183976054,1
19.0,0.6417041216045618,0.9632174618874934,0.9786122697405517,1
20.0,0.6575721676150957,0.9647780063852174,0.9658128693699837,1
21.0,0.6720171980559826,0.9662114823539718,0.9641835847869515,1
22.0,0.6854879341047743,0.967532613570788,0.9739878913387656,1
23.0,0.698106823178629,0.9687539785545572,0.9817337044514716,1
24.0,0.7095444205403328,0.9698863765368204,0.9753311891108751,1
25.0,0.7201247355685785,0.970939124013083,0.9757050471380353,1
26.0,0.7294767457577918,0.9719202958216778,0.9543922338634729,1
27.0,0.7372392290937049,0.9728369219190893,0.9083519764244556,1
28.0,0.74560739279821,0.9736951487134897,0.9665783131495118,1
29.0,0.7533420048654079,0.9745003719613585,0.9610852207988501,1
30.0,0.7608833738392399,0.9752573467616071,0.9783130455762148,1
31.0,0.7680414339993149,0.9759702790264734,0.9827852491289377,1
32.0,0.774769698354331,0.9766429019039325,0.9826899594627321,1
33.0,0.780853599529056,0.97727853991841,0.9670624667778611,1
34.0,0.7864678606390954,0.9778801630416634,0.9613065291196108,1
35.0,0.7915360681298707,0.9784504324696275,0.9464897140860558,1
36.0,0.7965881327116812,0.9789917395371792,0.9616270828992128,1
37.0,0.8012277783924028,0.9795062389306827,0.9498349279165268,1
38.0,0.805698706744573,0.979995877141942,0.9551873710006475,1
39.0,0.8100988255813718,0.9804624169346212,0.9669130826368928,1
40.0,0.8143429816132639,0.980907458455929,0.9709221515804529,1
41.0,0.8182330488094262,0.981332457515049,0.9575916640460491,1
42.0,0.8218660370208496,0.9817387414598334,0.9518899321556091,1
43.0,0.8253389273516156,0.9821275230102604,0.9517510943114758,1
44.0,0.828528577917152,0.9824999123476273,0.9405159242451191,1
45.0,0.8312343373570753,0.9828569277097595,0.9097927510738373,1
46.0,0.8290882543363469,1.4714298827583072,0.47795984148979187,1
47.0,0.8325752381545802,1.699334995568374,0.9936205414123833,1
48.0,0.8359713190976454,1.331776045813198,0.9983763776835985,1
49.0,0.8392328442633152,1.7727428720787528,0.9982436107820831,1
50.0,0.8423791856450193,1.3209142675566958,0.9996444221287675,1
51.0,0.8453895462533603,1.0371782221999133,0.9983824496157467,1
4.0,0.2193664237856865,1.281285396591575,0.0008013024926185608,1
5.0,0.20011096571882567,1.1715470382984245,0.0016097873449325562,1
6.0,0.1862758749297687,0.9930260200097659,0.0016009733080863953,1
7.0,0.1759459227323532,0.9640921587704,0.0,1
8.0,0.1679362596737014,1.1223502060423869,0.0016101822257041931,1
9.0,0.16141715049743652,1.0111835996268936,0.0015929117798805237,1
10.0,0.15602960234338586,0.9863675719907362,0.0015837475657463074,1
11.0,0.15177221534152827,0.9760887776232156,0.0016269609332084656,1
12.0,0.14784194242495757,0.9712978045638695,0.004610404372215271,1
13.0,0.207291486540011,1.0908386583821372,0.9743074611760676,1
14.0,0.1955671879152457,0.9707392705817928,0.0002445690333843231,1
15.0,0.18532297480851412,1.0251297531915138,0.00024637579917907715,1
16.0,0.17636675825890372,1.005886529905701,0.0010173767805099487,1
17.0,0.16841762140393257,0.996187994866826,0.0007709823548793793,1
18.0,0.16135485333047414,0.9905626350723434,0.002323795109987259,1
19.0,0.1564227079972625,0.9870740995485494,0.02467522770166397,1
20.0,0.16315680653566406,0.9848365525239221,0.25459450110793114,1
21.0,0.18812341226095503,0.9833836174000244,0.6884223315864801,1
22.0,0.21059186740413957,0.9824464965494317,0.6807776037603617,1
23.0,0.2408487192975978,0.9818600967998473,0.9281290853396058,1
24.0,0.2686057822406292,0.9815181190939092,0.9155256263911724,1
25.0,0.29443622710039985,0.981349585002487,0.9212845340371132,1
26.0,0.3145822897829391,0.9813057161024388,0.768477775156498,1
27.0,0.33032195842159645,0.9813522026565045,0.6100122332572937,1
28.0,0.34689828380942345,0.9814644493960333,0.7200397476553917,1
29.0,0.36461537616948286,0.9816245472196414,0.8292401432991028,1
30.0,0.38361244180029436,0.9818192863519609,0.9341930728405714,1
31.0,0.4013962553581223,0.9820388195487312,0.9288442358374596,1
32.0,0.4183228841107903,0.9822757429416469,0.9359424989670515,1
33.0,0.4328160841456231,0.9825244520040513,0.8505273573100567,1
34.0,0.4467893646231719,0.9827806827579522,0.8777414709329605,1
35.0,0.4551372440117929,0.9830411801310788,0.6122763156890869,1
36.0,0.4674595911559221,0.9833034550946806,0.8528217114508152,1
37.0,0.4798755578108524,0.9835656047448667,0.8998876623809338,1
38.0,0.49198118186531925,0.983826177625559,0.9221019577234983,1
39.0,0.5035454506985844,0.9840840719742796,0.9248119611293077,1
40.0,0.5147739571587342,0.9843384581963348,0.940157214179635,1
41.0,0.525369017872782,0.9845887193516614,0.9327519051730633,1
42.0,0.5352773370957652,0.9848344051582907,0.9173083119094372,1
43.0,0.5447099204598502,0.985075196225179,0.913750197738409,1
44.0,0.5537200512985389,0.9853108760871198,0.9138950631022453,1
45.0,0.5615337163047947,0.9855413092330817,0.8510080985724926,1
46.0,0.554469264171859,1.0738689607606402,0.19174504652619362,1
47.0,0.5636791284972181,1.1482585394111828,0.995044510345906,1
48.0,0.5725599584378758,1.1003728572107607,0.9985047221707646,1
49.0,0.5810601779073477,1.2915404602978091,0.9958311482332647,1
50.0,0.5892594020594569,1.1618510257906483,0.9990266101085581,1
51.0,0.5971527818160561,1.0202944971545524,0.9996672111774387,1
4.0,0.19927570074796677,1.160964047443681,0.0015908926725387573,1
5.0,0.1832175999879837,1.1132827525593785,0.0015957280993461609,1
6.0,0.1717347428202629,1.0860331325016919,0.0008002966642379761,1
7.0,0.1631985241547227,0.979569764547061,0.0,1
8.0,0.15674284845590591,0.9910838389083156,0.0016293823719024658,1
9.0,0.15170776098966599,0.9986965740403525,0.0032733380794525146,1
10.0,0.14733237840912558,0.9785463325821161,0.0016058385372161865,1
11.0,0.1436079895744721,0.9858390436376987,0.0015912801027297974,1
12.0,0.14013783461772478,1.0720758531837349,0.0015270411968231201,1
13.0,0.2011837549507618,1.0604445289957212,0.9942432669340633,1
14.0,0.18987997099757195,1.0070382535811986,0.00024612247943878174,1
15.0,0.1800083697307855,1.0496966931510991,0.0002485141158103943,1
16.0,0.17137103133341847,1.0061743667446328,0.0005143061280250549,1
17.0,0.1636383105069399,0.9851544881159068,0.0009901393204927444,1
18.0,0.15680759184454618,1.0088165993511884,0.001041598618030548,1
19.0,0.15075189676135778,1.0090692811995885,0.000553380697965622,1
20.0,0.14552183058999835,0.985139045251085,0.0009479187428951263,1
21.0,0.14206449348818173,1.010606512077326,0.0010768845677375793,1
22.0,0.13880290674126666,0.9844220036772556,0.0005217716097831726,1
23.0,0.1367448509360353,1.0016226996977897,0.0006957948207855225,1
24.0,0.1334720791876316,0.9959866800019921,0.00042743608355522156,1
25.0,0.13120086706028536,1.0030498573011906,0.000579148530960083,1
26.0,0.13432278221956007,1.0124268463604498,0.13176117837429047,1
27.0,0.13053535164466926,1.0034738260762885,0.0004383586347103119,1
28.0,0.12959172576665878,1.0037832023897217,0.055935438722372055,1
29.0,0.13700280661384265,1.0040385066066468,0.29076890647411346,1
30.0,0.16053837609867896,1.0118639208198958,0.8550833109766245,1
31.0,0.18602199363522232,0.9907550033522471,0.972438647877425,1
32.0,0.2105220039234017,1.0047710417644908,0.9936966031673364,1
33.0,0.23362362801152117,1.0003916256515295,0.9952417290769517,1
34.0,0.25542247529540746,1.0007454295185683,0.9961573527252767,1
35.0,0.2760415331770976,0.9915529631316479,0.9972887587791774,1
36.0,0.2955557436153695,0.9985263463841608,0.9975527843926102,1
37.0,0.31404388323426247,0.9965287178393933,0.9977226647606585,1
38.0,0.3315203654078337,0.9919301701219636,0.9945055885473266,1
39.0,0.34806691464036704,1.002738158397268,0.9913409762084484,1
40.0,0.34392266429779006,1.0066540943083013,0.16676373314112425,1
41.0,0.35713683831549825,1.002894145756097,0.8950979583896697,1
42.0,0.37133442645156106,1.0003479949321108,0.9514963179826736,1
43.0,0.3855457818982276,0.9985047598596105,0.9962462325056549,1
44.0,0.39911630269553927,0.993296999155455,0.995646275463514,1
45.0,0.4120882696107678,1.0036748760550114,0.9952218714752235,1
46.0,0.42455192813847925,1.0012773485815352,0.9972040037973784,1
47.0,0.436482024534295,0.9934123254480438,0.9966904391767457,1
48.0,0.4479341700064893,1.0040837781618444,0.9972638013132382,1
49.0,0.4589309142529964,0.9932583583356607,0.9973415997519623,1
50.0,0.4694957123959766,0.9987784014988575,0.997217221360188,1
51.0,0.47965244476038676,0.9977347740701625,0.9970156401977874,1
52.0,0.4893615131951728,1.0006719443536085,0.9924855098361149,1
53.0,0.4947363677676077,1.0237578714455824,0.6503327041864395,1
54.0,0.5037952085787599,1.0492779580829372,0.9892195274587721,1
55.0,0.5126425356471113,1.0342802312529868,0.9990782821842004,1
56.0,0.5211375333499491,1.1146940539548074,0.994227078743279,1
4.0,0.3574876134283841,1.112776064858252,0.1098807081580162,1
5.0,0.4186450495229413,1.0324890715191557,0.6399153992533684,1
6.0,0.4438993295521608,1.03049232576414,0.4124063700437546,1
7.0,0.49953002884285524,1.0501874370530855,0.833432998508215,1
8.0,0.546830273595535,1.024932260054626,0.8829609788954258,1
9.0,0.5880526932422072,1.0165351700705032,0.9508215943351388,1
10.0,0.6126727165908299,1.030119728148296,0.7292025238275528,1
11.0,0.5661379808637624,1.003624577787687,0.01895090565085411,1
12.0,0.5529925423817565,1.0062779781507467,0.28969577699899673,1
13.0,0.5149599150421896,1.0091301583002492,0.012680131942033768,1
14.0,0.4868480470341941,0.9995327470588797,0.02286902815103531,1
15.0,0.5186347874405328,0.9912953265015092,0.99300670879893,1
16.0,0.5465931494939414,1.0039101013947882,0.9914632437285036,1
17.0,0.5717678787445443,0.9937531639197407,0.9997040153066337,1
18.0,0.5627911535189732,1.016892513115462,0.20719756186008453,1
19.0,0.5459748571040108,1.0038032066749907,0.22415659599937499,1
20.0,0.5403285811743921,0.9967561430787371,0.19320550560951233,1
21.0,0.5611808019986545,0.9958638340341824,0.9989215786190471,1
22.0,0.551000213270764,1.0026733554319025,0.085892453789711,1
23.0,0.5403227387966277,0.997380281069641,0.29202635679394007,1
24.0,0.5451754621602595,1.007270512706206,0.43119050562381744,1
4.0,0.22313812375068665,0.9139670629697791,0.027015969157218933,1
5.0,0.21098516384760538,1.064332969349387,0.03593873977661133,1
6.0,0.27091589995792936,1.262634837549995,0.5471480265259743,1
7.0,0.3583858385682106,1.1700352807401928,0.9608571659773588,1
8.0,0.4278069535891215,1.1223502060423869,0.9719070708379149,1
9.0,0.4814517855644226,0.9597195263301127,0.9491490609943867,1
10.0,0.4900914484804327,1.0983719587018936,0.44785620272159576,1
11.0,0.5320974886417389,1.0135753591844305,0.9926924380706623,1
12.0,0.5622256719149076,0.9924509044541703,0.8936019130051136,1
13.0,0.5933374677385602,1.0732760855501202,0.9971040094387718,1
14.0,0.5560352141658466,1.0132429919007346,0.0005240775644779205,1
15.0,0.523546539247036,0.9856990850206492,0.00324099138379097,1
16.0,0.4947357063784319,0.9996145625474291,0.0010387599468231201,1
17.0,0.4693155652946896,1.057049093457262,0.0014240816235542297,1
18.0,0.4466332387375204,0.9843608091782847,0.008012935519218445,1
19.0,0.42601525615900754,0.9934011923369583,0.005185972899198532,1
20.0,0.40744543093301,0.9842220408557716,0.0032260045409202576,1
21.0,0.39033274962143466,1.0174271773195835,0.0009527374058961868,1
22.0,0.3747483393096406,1.0051065900885898,0.0004944279789924622,1
23.0,0.36032440854857367,0.9984291530515639,0.0006619170308113098,1
24.0,0.3471739053726196,1.016837164779314,0.000731131061911583,1
25.0,0.3352852680075627,0.9947267553828197,0.0008818767964839935,1
26.0,0.35073892592831896,1.0164448904300183,0.7419661302119493,1
27.0,0.34329506954444305,1.0156734017877211,0.09156841412186623,1
28.0,0.332699628996438,0.9901945445904948,0.0029667913913726807,1
29.0,0.3230565747867028,0.9889845182481745,0.012866659089922905,1
30.0,0.3141490201796255,1.0077176422808602,0.013649430125951767,1
31.0,0.30615494691301137,1.0024678152587918,0.006451182067394257,1
32.0,0.2989479394798929,0.999030889517972,0.0,1
33.0,0.29262219972031955,1.0355504473555828,0.002580493688583374,1
34.0,0.2865768367690699,1.0140400965238494,0.0012563243508338928,1
35.0,0.2809592817599575,0.9989973755588513,0.0006563812494277954,1
36.0,0.27590371154852816,0.9968612976447668,0.004300139844417572,1
37.0,0.2712966359563564,0.9998308271969419,0.004617556929588318,1
38.0,0.26700127459107303,0.9977379750422191,0.0039756521582603455,1
39.0,0.2800873833708465,1.0298642465883365,0.6112959086894989,1
40.0,0.29761493960168306,1.0598200644946907,0.9983999866526574,1
41.0,0.31433702535217717,1.0391019838621107,0.9999222381848085,1
42.0,0.3302609562700571,1.128016922983841,0.9983107841690071,1
43.0,0.3454807023941116,1.07383226195207,0.9999170806368056,1
44.0,0.3600198417074151,1.0082567926600312,0.9996623127008206,1
45.0,0.3522521111982591,1.0075001931316236,0.0013122156960889697,1
46.0,0.3650594858125724,1.0058475059494143,0.931758115068078,1
47.0,0.37819892016220064,1.000597295702988,0.9932647526729852,1
4.0,0.21086493581533433,1.014618729924908,0.0023965463042259216,1
5.0,0.19277492041389147,0.9587495768880173,0.0007963031530380249,1
6.0,0.18019725488764898,0.9449237307587035,0.0024260953068733215,1
7.0,0.17071332968771458,0.9419861398336512,0.0024167075753211975,1
8.0,0.16425998757282892,0.9427157490699979,0.010877586901187897,1
9.0,0.16450483426451684,0.9447769497708504,0.06870561838150024,1
10.0,0.1760479367592118,0.9472808892555661,0.2079688385128975,1
11.0,0.21187719143927097,0.949860001877694,0.5614092759788036,1
12.0,0.24785926651496154,0.9523584347396418,0.5415660738945007,1
13.0,0.2791574166289398,1.3030753236683381,0.4562409818172455,1
14.0,0.2642060714463393,0.9573805091934713,0.016569770872592926,1
15.0,0.2626840004231781,0.9592746577288246,0.21187018044292927,1
16.0,0.2966582159347394,0.9610459294203503,0.8354407851584256,1
17.0,0.3296601952364047,0.9626952675775772,0.8802429419010878,1
18.0,0.36206045413487836,0.9642282979316019,0.9366944916546345,1
19.0,0.3920254958793521,0.965652710155976,0.9517129305750132,1
20.0,0.41944986138315427,0.966976876307128,0.9568430287763476,1
21.0,0.44408708658408036,0.9682091298859979,0.947754199616611,1
22.0,0.46627818355741707,0.9693574039102394,0.9343607109040022,1
23.0,0.4870594427920878,0.970429065743156,0.9493078347295523,1
24.0,0.5054980193078518,0.971430859510482,0.9233451150357723,1
25.0,0.5221976785419079,0.9723689063394678,0.9124000780284405,1
26.0,0.5371988646134183,0.9732487343882681,0.8861705474555492,1
27.0,0.5505959230608174,0.9740753228425078,0.8548982627689838,1
28.0,0.5644094110305967,0.9748531510107155,0.922011386603117,1
29.0,0.5772950439403455,0.9755862476497321,0.9166085757315159,1
30.0,0.589515759940109,0.9762782379612893,0.9268097151070833,1
31.0,0.6010147453052923,0.9769323870329782,0.9269445575773716,1
32.0,0.6119846113477693,0.977551639257183,0.9367481060326099,1
33.0,0.6212586996090763,0.9781386536859605,0.8680230788886547,1
34.0,0.6299897303538663,0.978695835506498,0.8716165795922279,1
35.0,0.636982959902121,0.9792253639325522,0.7788759469985962,1
36.0,0.644620430529923,0.9797292168509537,0.8508414551615715,1
37.0,0.6512339921962274,0.9802091925679521,0.8029688522219658,1
38.0,0.6579774930500067,0.9806669289853495,0.8397699147462845,1
39.0,0.6640460005961358,0.981103920511306,0.8094197362661362,1
40.0,0.6704793171729984,0.981521532981498,0.862158440053463,1
41.0,0.6759554437760796,0.9819210168363786,0.8077656775712967,1
42.0,0.6814997119092664,0.9823035187715999,0.8357018530368805,1
43.0,0.686759599823166,0.9826700920520952,0.8319072127342224,1
44.0,0.6916555542912748,0.9830217056563338,0.8213775381445885,1
45.0,0.6955789851591639,0.9833592523959076,0.7522442489862442,1
46.0,0.690073503379492,1.245580323285722,0.43459963821806014,1
47.0,0.6964824540385356,1.4294324589066307,0.9968551197671331,1
48.0,0.7026550677814045,1.240734317725661,0.9985234797932208,1
49.0,0.7085717254132032,1.6048392660544966,0.9973810589872301,1
50.0,0.7142801558708444,1.2762481163770552,0.9996415515597619,1
51.0,0.7197594670578837,1.0328621141843837,0.9988361971336417,1
4.0,0.20966266244649887,1.014618729924908,0.00400986522436142,1
5.0,0.19183925415078798,1.2604378882935743,0.0015925616025924683,1
6.0,0.17900597836290086,1.1655795268570244,0.0015814527869224548,1
7.0,0.16952898167073727,1.118104806670701,0.0015998035669326782,1
8.0,0.16252056674824822,1.0013033339102582,0.0048748403787612915,1
9.0,0.1565874457359314,0.9773019870481237,0.0008030310273170471,1
10.0,0.15172100676731629,1.0144190079316278,0.0008020028471946716,1
11.0,0.1476975753903389,1.083413018083589,0.0,1
12.0,0.14418713347269937,0.9897737212906984,0.0031401142477989197,1
13.0,0.20524663957101957,1.068068145833353,0.9989211534411879,1
14.0,0.19362144668896994,1.0576518462472464,0.0,1
15.0,0.18352283211424947,0.9822304883921736,0.0,1
16.0,0.17460930632317767,1.0106388599799885,0.0004960037767887115,1
17.0,0.16667625473605263,1.010937992567978,0.0002475827932357788,1
18.0,0.15962112067561401,0.9979101686201629,0.0005058608949184418,1
19.0,0.1532986318692565,0.9993768741057426,0.0005142726004123688,1
20.0,0.14755805652766002,0.992819169719406,0.0005076862871646881,1
21.0,0.14236348342489114,0.9944705564350212,0.0010238401591777802,1
22.0,0.1375603988442732,0.9905480953963097,0.0004944466054439545,1
23.0,0.13309112206722298,1.0042451495291163,0.00023578107357025146,1
24.0,0.12937932834029198,0.9980670692152841,0.00031359121203422546,1
25.0,0.12625709362328053,0.9904229180744775,0.001482997089624405,1
26.0,0.1541068483557966,1.0158429710018986,0.8619895130395889,1
27.0,0.14993586936699493,1.0151251584170367,0.006621304899454117,1
28.0,0.14586387600364356,1.0002084649939111,0.000493757426738739,1
29.0,0.14212302938103677,0.9908252314247198,0.00026177242398262024,1
30.0,0.13866176468230063,0.9896226712072604,0.0002709999680519104,1
31.0,0.1361994268372655,0.9984775638649294,0.000928148627281189,1
32.0,0.13478294376170996,0.9895827285554983,0.0006961524486541748,1
33.0,0.13368962617481456,0.9997996802736079,0.000759616494178772,1
34.0,0.13237968236207961,0.9973825873347338,0.0027026012539863586,1
35.0,0.1312245016710626,0.9956095417471206,0.001407615840435028,1
36.0,0.1302058998797391,0.9984553192536494,0.0,1
37.0,0.1294290133212742,1.034360047446955,0.0015609636902809143,1
38.0,0.12865348561451986,1.0009157397672217,0.003051556646823883,1
39.0,0.14276417400687932,1.0313018945477008,0.4400949478149414,1
40.0,0.16364541340891908,1.0627430908461915,0.9985240765672643,1
41.0,0.18355750806984447,1.0411945078653726,0.9999420001286126,1
42.0,0.20253506285506626,1.1337428027930356,0.9993143689061981,1
43.0,0.22065829875117,1.0771331317496402,0.999952657369704,1
44.0,0.23797008908457226,1.0087092794664256,0.9995674050514936,1
45.0,0.23299658855261363,1.0079197250099283,0.005079460795968771,1
46.0,0.24835703004785675,1.0062950153654608,0.9381170924752951,1
47.0,0.2639056559613285,1.0009642265452585,0.9920042231678963,1
4.0,0.6839973419904709,0.9139670629697791,0.9979919283068739,1
5.0,0.7363545472423235,1.307473265346651,0.9969718711217865,1
6.0,0.7735940707581384,1.1872287525815437,0.9964925436652265,1
7.0,0.8018418755382299,1.1304241827577328,0.9993194098060485,1
8.0,0.8238211125135422,0.948203805120848,0.9994367939216318,1
9.0,0.8414165362715721,0.9473607346902844,0.9995901316578966,1
10.0,0.8557856990532442,1.0283334320788104,0.9991949866525829,1
11.0,0.7943825131903092,1.1028868174694972,0.11784340837039053,1
12.0,0.8066686305862206,1.0827143663029468,0.9483394003473222,1
13.0,0.782321400408234,1.0994387737351132,0.3696826249361038,1
14.0,0.7767476662993431,1.0366722542068372,0.5653632134199142,1
15.0,0.7906058863736689,1.047894242330153,0.9974792040884495,1
16.0,0.8001791155513596,1.0421153623407822,0.9447741145268083,1
17.0,0.7786532313459449,1.0055655830329895,0.35371892154216766,1
18.0,0.7456119174235746,1.0061249929427807,0.012423768639564514,1
19.0,0.7569902647286654,1.0065363475469515,0.9553544707596302,1
20.0,0.7610798921613466,1.0068323693606183,0.7902376018464565,1
21.0,0.7690047692846168,1.0327173651695345,0.8920171484351158,1
22.0,0.7414433486435724,1.0280794564381672,0.08500470221042633,1
23.0,0.748158005066216,1.025357931483063,0.8859338369220495,1
24.0,0.7442901393771172,1.0368039128532476,0.5337447002530098,1
25.0,0.7523157891745751,1.0151225355409712,0.9428554242476821,1
26.0,0.760558684391004,1.003826352011107,0.9722611319739372,1
27.0,0.7664595754551036,1.020529162865279,0.9009188357740641,1
28.0,0.7561988971870521,0.9975653123990352,0.19324788451194763,1
29.0,0.7470635560651621,1.0191063942484944,0.335094690322876,1
30.0,0.7550272314298537,1.0034061254334299,0.9927553843008354,1
31.0,0.7393268195446581,1.019191277417545,0.07207891345024109,1
32.0,0.746645107188008,1.0047965991679844,0.9783219010569155,1
33.0,0.732553880661726,1.002638858875546,0.1594461053609848,1
34.0,0.7341322155935424,1.0148786311055478,0.6836488395929337,1
35.0,0.7188510035889016,1.0032179452695928,0.06612826138734818,1
36.0,0.7056976808486758,0.9990121865308618,0.015764325857162476,1
37.0,0.7132530394745501,0.9965535461120053,0.9893308714963496,1
38.0,0.7187857270622865,1.0035854114460603,0.8714643530547619,1
39.0,0.7256942430511117,1.0140804017424647,0.9936534496955574,1
40.0,0.7323827461861983,1.018702743787656,0.9998974065019866,1
41.0,0.738747132143804,1.0128696588549555,0.9995143291016575,1
42.0,0.7447865198171416,1.0353411708534874,0.9972808457678184,1
43.0,0.7505570794032379,1.029097986500046,0.9979242650442757,1
44.0,0.7560860575901137,1.0027174440854738,0.9989028677227907,1
45.0,0.7396500343715477,1.003200795191872,8.919159881770611e-07,1
4.0,0.2048238053917885,1.281285396591575,0.0,1
5.0,0.2451672020057837,0.9981100953555259,0.34871675819158554,1
6.0,0.24922408908605576,1.1655795268570244,0.24189791828393936,1
7.0,0.259950147010386,1.118104806670701,0.12862499058246613,1
8.0,0.258429407245583,0.9677527782585486,0.11444814503192902,1
9.0,0.27438775822520256,1.0111835996268936,0.3344050720334053,1
10.0,0.29011854461648245,1.0887385213968725,0.20793630182743073,1
11.0,0.3322471051166455,1.0720305718250416,0.7352576814591885,1
12.0,0.3260884600190016,1.0062170653986988,0.022567912936210632,1
13.0,0.37373986361282213,1.057779277420578,0.991970180766657,1
14.0,0.35085512287914755,1.049602516966312,0.0,1
15.0,0.33093032299075276,1.0432369409689315,0.0,1
16.0,0.3134268113576314,1.0028113934427088,0.0010267049074172974,1
17.0,0.29781335561225813,1.0039056047838448,0.0002520158886909485,1
18.0,0.28382854820474196,0.992881452786959,0.0002498216927051544,1
19.0,0.27123066065832974,0.9873204695219832,0.0004941113293170929,1
20.0,0.25986386950881707,0.9841415951793108,0.0005042999982833862,1
21.0,0.24955321992324156,0.9983382671361914,0.0,1
22.0,0.2401641352183145,0.9927586687074158,0.0007784441113471985,1
23.0,0.23148205294273794,0.9893883656761098,0.0009782053530216217,1
24.0,0.22365862242877482,0.9872252054480478,0.0016438104212284088,1
25.0,0.219285315547425,0.9857953092827673,0.06789201125502586,1
26.0,0.2245788336214092,0.9848411740035444,0.08449402451515198,1
27.0,0.23349688674456306,0.9842098564083157,0.22239381074905396,1
28.0,0.2522859279837074,0.9838046940734646,0.7139847129583359,1
29.0,0.27008520308882,0.9835617267109246,0.7142640575766563,1
30.0,0.2905053087179699,0.9834371153605698,0.8707227520644665,1
31.0,0.30870847165351734,0.9833999649911591,0.8184899017214775,1
32.0,0.3259189503098076,0.9834280090341531,0.8197290897369385,1
33.0,0.33889772036277194,0.9835049025028092,0.6429302766919136,1
34.0,0.3510955499219043,0.9836184638790316,0.6285174638032913,1
35.0,0.3608260580545498,0.9837594993904766,0.4972766041755676,1
36.0,0.37338207334884116,0.983920997005603,0.7092432305216789,1
37.0,0.385270648439856,0.9840975619717648,0.7005692273378372,1
38.0,0.397476811773884,0.9842850141192054,0.7631528005003929,1
39.0,0.40956897544674575,0.9844800958713659,0.792542427778244,1
40.0,0.42136368623412235,0.9846802574736704,0.8100760355591774,1
41.0,0.4321733127303776,0.9848834969987112,0.7779187262058258,1
42.0,0.4425487403519625,0.9850882397970874,0.783547468483448,1
43.0,0.45260471202941105,0.9852932467398616,0.7938927859067917,1
44.0,0.4624966948810551,0.9854975437335304,0.815535344183445,1
45.0,0.4713630102493841,0.985700367126299,0.763934001326561,1
46.0,0.4679094530404248,1.0448493106708485,0.29608910344541073,1
47.0,0.478908162835675,1.0916103216929112,0.9951235264888965,1
48.0,0.48950810969940256,1.0633427388368375,0.9974958887905814,1
49.0,0.4993830766901374,1.1950972882421997,0.9711658079177141,1
50.0,0.5091544088414487,1.1145624747744216,0.9970553896855563,1
51.0,0.5185411185241089,1.0143457616082163,0.9962488184683025,1
4.0,0.2082613304257393,1.281285396591575,0.0007956624031066895,1
5.0,0.1906578429043293,0.998110095355526,0.0015912875533103943,1
6.0,0.17808345066649572,1.1655795268570242,0.0007987320423126221,1
7.0,0.16872307937592268,1.0062943260036308,0.0008031204342842102,1
8.0,0.16177420649263594,0.9765154326329554,0.0032669156789779663,1
9.0,0.1560379944741726,0.9657595996619022,0.0016187578439712524,1
10.0,0.1511435779658231,0.9981856663536671,0.0,1
11.0,0.14744878063599268,1.003652544230922,0.0032860785722732544,1
12.0,0.1438075235256782,0.9896958683134608,0.004584476351737976,1
13.0,0.20064579376152583,1.105020203695575,0.9236281979829073,1
14.0,0.18935904875397683,1.0853248018470572,0.00024392642080783844,1
15.0,0.17950363783165812,1.071173852809348,0.0,1
16.0,0.17081792192424045,1.060591383490051,0.0004937313497066498,1
17.0,0.16317004151642323,1.0136669416906363,0.0005140379071235657,1
18.0,0.15624946787169106,1.049741562528083,0.0,1
19.0,0.1500429006293416,1.0111077086629434,0.0002499483525753021,1
20.0,0.14451484187018304,1.0110536349612234,0.0,1
21.0,0.1394791638647968,1.0109407012210097,0.0005229301750659943,1
22.0,0.13494389601375745,1.0003744652055382,0.0005452297627925873,1
23.0,0.13075364893302321,1.0011721601556438,0.0015742816030979156,1
24.0,0.12724492609500884,0.9956281699837028,0.000996917486190796,1
25.0,0.12462851806328847,1.0026511071071396,0.0009181015193462372,1
26.0,0.1481430039361671,1.011971188775533,0.6483773663640022,1
27.0,0.14475938039166586,1.0031303107105458,0.024593571200966835,1
28.0,0.14086635115331617,1.0115965590841365,0.00024795159697532654,1
29.0,0.13750665187835692,0.9983886397406646,0.002428043633699417,1
30.0,0.139642033365465,0.9953313524447471,0.14488371089100838,1
31.0,0.15689382189884782,0.9995966494113679,0.6312592588365078,1
32.0,0.1793787827094396,0.9966101064280983,0.8808154929429293,1
33.0,0.20233325967017343,1.0005461578047954,0.9526162156835198,1
34.0,0.22468477530138833,0.997644132578916,0.9816459359135479,1
35.0,0.24575290953119597,0.9956048315484917,0.9782148241065443,1
36.0,0.2658874734833434,0.9961642412024653,0.9880556201096624,1
37.0,0.28507107064912196,0.9946715086309018,0.9934590689372271,1
38.0,0.30321449232407105,0.997189472185575,0.990608633030206,1
39.0,0.320097591355443,1.0286065274351743,0.9665058171376586,1
40.0,0.33660303855814583,1.0572561685669009,0.9946403896901757,1
41.0,0.3523957009116809,1.0372570271836932,0.9998631664784625,1
42.0,0.3674305514540783,1.1229493100619137,0.9983671010122634,1
43.0,0.3818013332784176,1.0708827918941335,0.9996724213415291,1
44.0,0.3955312295092477,1.0078501162669342,0.999571838277916,1
45.0,0.3869358800078297,1.007122813831454,9.85547376330942e-06,1
46.0,0.3979283362042476,1.0054446416376737,0.8840810433030128,1
47.0,0.40984287548053544,1.0002666917865213,0.9487321525812149,1
